Année de production;Production de biométhane annuel (MWh/an);Commune;Code INSEE EPCI;Région;Département;Coordonnées du site;Production de biométhane annuel (kWh/an);Production de biométhane annuel (GWh/an);Capacité théorique de production (GWh/an);Code INSEE Région;Code INSEE Commune;Type de site;Code INSEE Département;Date de mise en service;Code Technique du Site;EPCI;Reseau;Type de Réseau;Nom du site officiel
2017;1586.106;Noyen-sur-Seine;200040251;Île-de-France;Seine-et-Marne;48.4518691045, 3.34226623535;1586106;1.586106;22.345;11;77341;Agricole autonome;77;2017-11-15;IR0102;CC Bassée-Montois;GRTgaz;Transport;La Bassée Biogaz
2018;32156.97;Essarts en Bocage;200071918;Pays de la Loire;Vendée;46.7806739038, -1.22925967851;32156970;32.15697;62.566;52;85084;Industriel territorial;85;2017-12-08;IR0101;CC du Pays de Saint-Fulgent - Les Essarts;GRTgaz;Transport;Bioloie
2018;23228.425;Étréville;200066405;Normandie;Eure;49.3795673555, 0.65533275771;23228425;23.228425;31.283;28;27227;Agricole territorial;27;2018-01-31;IR0103;CC Roumois Seine;GRTgaz;Transport;VITALIGAZ
2019;24922.513;Étréville;200066405;Normandie;Eure;49.3795673555, 0.65533275771;24922513;24.922513;31.283;28;27227;Agricole territorial;27;2018-01-31;IR0103;CC Roumois Seine;GRTgaz;Transport;VITALIGAZ
2019;11364.332;Nangis;247700701;Île-de-France;Seine-et-Marne;48.554637282, 3.00883892893;11364332;11.364332;27.2609;11;77327;Agricole autonome;77;2019-02-05;IR0107;CC Brie Nangissienne;GRTgaz;Transport;SAS Nangis Biogaz
2020;17310.867985999997;Fère-Champenoise;245100979;Grand Est;Marne;48.7706781866, 4.01743444039;17310867;17.310867985999998;26.814;44;51248;Industriel territorial;51;2018-10-04;IR0105;CC du Sud Marnais;GRTgaz;Transport;LA MONTE BLANCHE
2020;1669.779251;Pierre-Morains;200067684;Grand Est;Marne;48.8400739001, 4.02053698314;1669779;1.669779251;44.69;44;51430;Agricole territorial;51;2020-12-01;IR0118;CA Épernay, Coteaux et Plaine de Champagne;GRTgaz;Transport;Metha Horizon
2020;2217.2075099999993;Saron-sur-Aube;200066835;Grand Est;Marne;48.5824010998, 3.72970498559;2217207;2.2172075099999993;37.5396;44;51524;Agricole autonome;51;2020-12-01;IR0124;CC de Sézanne-Sud Ouest Marnais;GRTgaz;Transport;Artaim saron Energie
2021;42338.06829000002;Essarts en Bocage;200071918;Pays de la Loire;Vendée;46.7806739038, -1.22925967851;42338068;42.33806829000002;62.566;52;85084;Industriel territorial;85;2017-12-08;IR0101;CC du Pays de Saint-Fulgent - Les Essarts;GRTgaz;Transport;Bioloie
2021;22812.816;Noyen-sur-Seine;200040251;Île-de-France;Seine-et-Marne;48.4518691045, 3.34226623535;22812816;22.812816;22.345;11;77341;Agricole autonome;77;2017-11-15;IR0102;CC Bassée-Montois;GRTgaz;Transport;La Bassée Biogaz
2021;35919.46950700001;Ormes;200071777;Grand Est;Aube;48.555534468, 4.1130717526;35919469;35.91946950700001;46.4776;44;10272;Agricole territorial;10;2019-05-07;IR0108;CC d'Arcis, Mailly, Ramerupt;GRTgaz;Transport;Biogaz d'Arcis
2021;38237.897008000014;Haraucourt-sur-Seille;245701206;Grand Est;Moselle;48.8084972349, 6.60564803108;38237897;38.23789700800002;40.221;44;57295;Agricole autonome;57;2019-11-07;IR0110;CC du Saulnois;GRTgaz;Transport;Méthanisation Seille Environnement
2021;26589.79725600002;Azerailles;200070324;Grand Est;Meurthe-et-Moselle;48.4972745986, 6.6948706717;26589797;26.58979725600002;25.0264;44;54038;Agricole autonome;54;2020-11-04;IR0115;CC du Territoire de Lunéville à Baccarat;GRTgaz;Transport;Meurthenergie
2021;18239.263182000002;Les Grandes-Chapelles;200070126;Grand Est;Aube;48.4684641557, 4.02789249999;18239263;18.239263182000006;22.345;44;10166;Agricole autonome;10;2021-02-02;IR0123;CC Seine et Aube;GRTgaz;Transport;Cappela Gaz (litwin-Simphal)
2021;7007.459043999999;Phalsbourg;245700950;Grand Est;Moselle;48.7666597988, 7.26359977418;7007459;7.007459043999999;15.6415;44;57540;Agricole autonome;57;2021-05-06;IR0126;CC du Pays de Phalsbourg;GRTgaz;Transport;Methaphals
2021;13927.029028999987;Les Grandes-Chapelles;200070126;Grand Est;Aube;48.4684641557, 4.02789249999;13927029;13.927029028999986;17.16096;44;10166;Agricole autonome;10;2021-03-01;IR0128;CC Seine et Aube;GRTgaz;Transport;Bio'Gaz GDC
2021;13886.559362000004;Coulombs-en-Valois;247700065;Île-de-France;Seine-et-Marne;49.0777461945, 3.12814777064;13886559;13.886559362000003;15.1946;11;77129;Agricole autonome;77;2021-02-17;IR0130;CC du Pays de l'Ourcq;GRTgaz;Transport;Bioénergies de l'Ourcq
2021;11534.369252000008;May-en-Multien;247700065;Île-de-France;Seine-et-Marne;49.0699868201, 3.02518523427;11534369;11.534369252000008;26.814;11;77283;Agricole autonome;77;2021-06-03;IR0135;CC du Pays de l'Ourcq;GRTgaz;Transport;Biogaz du Multien
2021;2335.3606089999994;Saint-Ciergues;200072999;Grand Est;Haute-Marne;47.8811134277, 5.2558356921;2335360;2.3353606089999994;22.345;44;52447;Agricole autonome;52;2021-11-18;IR0147;CC du Grand Langres;GRTgaz;Transport;Methacom
2020;7574.8615668;Préchacq-Navarrenx;200067288;Nouvelle-Aquitaine;Pyrénées-Atlantiques;43.2799895089, -0.705497036287;7574861;7.5748615668;8.938;75;64459;Agricole territorial;64;2018-10-22;PITPE-0002;CC du Béarn des Gaves;Teréga;Transport;Methalayou
2019;18676.284;Noyen-sur-Seine;200040251;Île-de-France;Seine-et-Marne;48.4518691045, 3.34226623535;18676284;18.676284;22.345;11;77341;Agricole autonome;77;2017-11-15;IR0102;CC Bassée-Montois;GRTgaz;Transport;La Bassée Biogaz
2020;27279.31537400001;Ormes;200071777;Grand Est;Aube;48.555534468, 4.1130717526;27279315;27.27931537400001;46.4776;44;10272;Agricole territorial;10;2019-05-07;IR0108;CC d'Arcis, Mailly, Ramerupt;GRTgaz;Transport;Biogaz d'Arcis
2020;36616.793730000005;Haraucourt-sur-Seille;245701206;Grand Est;Moselle;48.8084972349, 6.60564803108;36616793;36.616793730000005;40.221;44;57295;Agricole autonome;57;2019-11-07;IR0110;CC du Saulnois;GRTgaz;Transport;Méthanisation Seille Environnement
2020;22884.848443000003;Sommerécourt;200069664;Grand Est;Haute-Marne;48.2241761343, 5.65159771886;22884848;22.884848443000003;35.752;44;52476;Agricole autonome;52;2020-02-27;IR0112;CC Meuse Rognon;GRTgaz;Transport;Mouzon Energie
2020;6493.255776;Augicourt;200036150;Bourgogne-Franche-Comté;Haute-Saône;47.7699166638, 5.89160778933;6493255;6.493255776;26.814;27;70035;Agricole autonome;70;2020-09-11;IR0117;CC des Hauts du Val de Saône;GRTgaz;Transport;Augigaz
2021;20710.441919999997;Chagny;200006682;Bourgogne-Franche-Comté;Saône-et-Loire;46.8985800984, 4.77433585145;20710441;20.710441919999997;28.0;27;71073;Déchets ménagers et biodéchets;71;2015-12-01;IR0051;CA Beaune, Côte et Sud - Communauté Beaune-Chagny-Nolay;GRTgaz;Transport;ECOCEA
2021;26276.836038000012;Nangis;247700701;Île-de-France;Seine-et-Marne;48.554637282, 3.00883892893;26276836;26.276836038000013;27.2609;11;77327;Agricole autonome;77;2019-02-05;IR0107;CC Brie Nangissienne;GRTgaz;Transport;SAS Nangis Biogaz
2021;27584.915824;Sommerécourt;200069664;Grand Est;Haute-Marne;48.2241761343, 5.65159771886;27584915;27.584915824;35.752;44;52476;Agricole autonome;52;2020-02-27;IR0112;CC Meuse Rognon;GRTgaz;Transport;Mouzon Energie
2021;45749.67898300001;Contrisson;245501184;Grand Est;Meuse;48.8030599838, 4.95587124601;45749678;45.74967898300001;44.69;44;55125;Agricole autonome;55;2020-09-14;IR0114;CC du Pays de Revigny-sur-Ornain;GRTgaz;Transport;Air Liquide (Contrisson)
2021;3461.96867;Ménévillers;246000566;Hauts-de-France;Oise;49.5212028828, 2.60416999172;3461968;3.4619686700000005;17.4291;32;60394;Agricole autonome;60;2021-10-19;IR0120;CC du Plateau Picard;GRTgaz;Transport;MVS Energie
2021;11269.297984;Feigneux;246000871;Hauts-de-France;Oise;49.2609818537, 2.91459037295;11269297;11.269297984000001;27.7078;32;60231;Agricole territorial;60;2021-08-05;IR0121;CC du Pays de Valois;GRTgaz;Transport;SAS Agri metha valois
2021;14368.294785999988;Racrange;200067502;Grand Est;Moselle;48.9251200829, 6.67898076184;14368294;14.368294785999987;35.752;44;57560;Agricole autonome;57;2021-07-15;IR0122;CA Saint-Avold Synergie;GRTgaz;Transport;Agri Metha 57
2021;2669.782372;Peyrat-de-Bellac;200071942;Nouvelle-Aquitaine;Haute-Vienne;46.1315030493, 1.02033947545;2669782;2.669782372;23.77508;75;87116;Agricole territorial;87;2021-10-01;IR0139;CC Haut Limousin en Marche;GRTgaz;Transport;BIOENERGIES 123 PEYRAT de BELLAC
2021;11992.013038000001;Connantre;245100979;Grand Est;Marne;48.7383348646, 3.91196281487;11992013;11.992013038000001;22.345;44;51165;Agricole autonome;51;2021-06-09;IR0142;CC du Sud Marnais;GRTgaz;Transport;ENJ2A
2021;3990.197511000001;Chapelle-Vallon;200070126;Grand Est;Aube;48.4345746566, 4.04213440275;3990197;3.990197511000001;12.5132;44;10082;Agricole autonome;10;2021-09-21;IR0148;CC Seine et Aube;GRTgaz;Transport;Sirec Energy
2021;64965.848175;Villeneuve-sur-Lot;200023307;Nouvelle-Aquitaine;Lot-et-Garonne;44.4251092866, 0.742526167632;64965848;64.96584817499999;107.256;75;47323;Industriel territorial;47;2015-11-01;PITPE-0001;CA du Grand Villeneuvois;Teréga;Transport;Biovilleneuvois
2020;41754.9543498;Villeneuve-sur-Lot;200023307;Nouvelle-Aquitaine;Lot-et-Garonne;44.4251092866, 0.742526167632;41754954;41.754954349799995;107.256;75;47323;Industriel territorial;47;2015-11-01;PITPE-0001;CA du Grand Villeneuvois;Teréga;Transport;Biovilleneuvois
2018;20856.451;Chagny;200006682;Bourgogne-Franche-Comté;Saône-et-Loire;46.8985800984, 4.77433585145;20856451;20.856451;28.0;27;71073;Déchets ménagers et biodéchets;71;2015-12-01;IR0051;CA Beaune, Côte et Sud - Communauté Beaune-Chagny-Nolay;GRTgaz;Transport;ECOCEA
2019;17482.245;Combrand;200040244;Nouvelle-Aquitaine;Deux-Sèvres;46.8639718192, -0.695632067582;17482245;17.482245;28.6016;75;79096;Agricole autonome;79;2018-10-18;IR0106;CA du Bocage Bressuirais;GRTgaz;Transport;Gazteam Energie
2019;3604.928;Messei;200035814;Normandie;Orne;48.7140643026, -0.539204262797;3604928;3.604928;53.628;28;61278;Agricole autonome;61;2019-11-01;IR0111;CA Flers Agglo;GRTgaz;Transport;Méthan'Agri
2020;21999.795441;Étréville;200066405;Normandie;Eure;49.3795673555, 0.65533275771;21999795;21.999795441;31.283;28;27227;Agricole territorial;27;2018-01-31;IR0103;CC Roumois Seine;GRTgaz;Transport;VITALIGAZ
2020;14280.59;Châteaulin;200067247;Bretagne;Finistère;48.2032973995, -4.07350636234;14280590;14.28059;21.0043;53;29026;Industriel territorial;29;2018-04-26;IR0104;CC Pleyben-Châteaulin-Porzay;GRTgaz;Transport;Centrale Biogaz de Kastellin
2020;21725.306;Combrand;200040244;Nouvelle-Aquitaine;Deux-Sèvres;46.8639718192, -0.695632067582;21725306;21.725306;28.6016;75;79096;Agricole autonome;79;2018-10-18;IR0106;CA du Bocage Bressuirais;GRTgaz;Transport;Gazteam Energie
2020;16290.014059000001;Nangis;247700701;Île-de-France;Seine-et-Marne;48.554637282, 3.00883892893;16290014;16.290014059;27.2609;11;77327;Agricole autonome;77;2019-02-05;IR0107;CC Brie Nangissienne;GRTgaz;Transport;SAS Nangis Biogaz
2020;31664.23875200001;Loudéac;200067460;Bretagne;Côtes-d'Armor;48.1740293909, -2.75097544378;31664238;31.664238752000006;62.566;53;22136;Industriel territorial;22;2019-09-09;IR0109;CC Loudéac Communauté - Bretagne Centre;GRTgaz;Transport;Biodéac
2020;23665.746347000004;Messei;200035814;Normandie;Orne;48.7140643026, -0.539204262797;23665746;23.665746347000002;53.628;28;61278;Agricole autonome;61;2019-11-01;IR0111;CA Flers Agglo;GRTgaz;Transport;Méthan'Agri
2020;3428.673384;Wissembourg;246700926;Grand Est;Bas-Rhin;49.0184562539, 7.96174575912;3428673;3.428673384;20.5574;44;67544;Agricole territorial;67;2020-10-19;IR0113;CC du Pays de Wissembourg;GRTgaz;Transport;SAS Biometha (Mittenbuhler SARL)
2020;8033.547807000001;Contrisson;245501184;Grand Est;Meuse;48.8030599838, 4.95587124601;8033547;8.033547807000001;44.69;44;55125;Agricole autonome;55;2020-09-14;IR0114;CC du Pays de Revigny-sur-Ornain;GRTgaz;Transport;Air Liquide (Contrisson)
2020;904.150142;Macé;200035111;Normandie;Orne;48.6476898388, 0.136870409048;904150;0.904150142;10.7256;28;61240;Agricole autonome;61;2020-11-13;IR0116;CC des Sources de l'Orne;GRTgaz;Transport;SAS LA ROCHELLE
2020;2767.4524019999994;Herpy-l'Arlésienne;200043156;Grand Est;Ardennes;49.5259538637, 4.18823352667;2767452;2.767452401999999;16.0884;44;08225;Agricole territorial;08;2020-10-05;IR0119;CC du Pays Rethélois;GRTgaz;Transport;Sud Ardennes Biométhane
2021;19256.208;Châteaulin;200067247;Bretagne;Finistère;48.2032973995, -4.07350636234;19256208;19.256208;21.0043;53;29026;Industriel territorial;29;2018-04-26;IR0104;CC Pleyben-Châteaulin-Porzay;GRTgaz;Transport;Centrale Biogaz de Kastellin
2021;9601.629961;Macé;200035111;Normandie;Orne;48.6476898388, 0.136870409048;9601629;9.601629961;10.7256;28;61240;Agricole autonome;61;2020-11-13;IR0116;CC des Sources de l'Orne;GRTgaz;Transport;SAS LA ROCHELLE
2021;21812.428456999984;Augicourt;200036150;Bourgogne-Franche-Comté;Haute-Saône;47.7699166638, 5.89160778933;21812428;21.812428456999985;26.814;27;70035;Agricole autonome;70;2020-09-11;IR0117;CC des Hauts du Val de Saône;GRTgaz;Transport;Augigaz
2021;30448.367464;Pierre-Morains;200067684;Grand Est;Marne;48.8400739001, 4.02053698314;30448367;30.448367463999997;44.69;44;51430;Agricole territorial;51;2020-12-01;IR0118;CA Épernay, Coteaux et Plaine de Champagne;GRTgaz;Transport;Metha Horizon
2021;5869.466169;Avon-la-Pèze;241000488;Grand Est;Aube;48.3874423014, 3.65147515296;5869466;5.869466169000001;13.407;44;10023;Agricole autonome;10;2021-07-29;IR0131;CC de l'Orvin et de l'Ardusson;GRTgaz;Transport;Gandon Biogaz (Artaim Marigny le Chatel)
2021;21688.82577299999;Saint-Crépin-Ibouvillers;246000582;Hauts-de-France;Oise;49.2592528645, 2.06773136457;21688825;21.68882577299999;35.752;32;60570;Agricole autonome;60;2021-05-03;IR0140;CC des Sablons;GRTgaz;Transport;SAS CHEMIN DU ROI
2021;9537.615016;Y;200070985;Hauts-de-France;Somme;49.8021266521, 2.98611736598;9537615;9.537615015999998;13.407;32;80829;Agricole territorial;80;2021-04-28;IR0141;CC de l'Est de la Somme;GRTgaz;Transport;Y Biomethane
2021;4744.205632;Prémierfait;200070126;Grand Est;Aube;48.5029794134, 4.02255796125;4744205;4.744205632;12.5132;44;10305;Agricole territorial;10;2021-08-24;IR0145;CC Seine et Aube;GRTgaz;Transport;Neeser Energies
2021;6330.597272000001;Dierrey-Saint-Julien;241000488;Grand Est;Aube;48.3050645625, 3.83470708192;6330597;6.330597272000001;26.814;44;10124;Agricole autonome;10;2021-10-06;IR0149;CC de l'Orvin et de l'Ardusson;GRTgaz;Transport;ENEBIO
2019;43888.7608596;Villeneuve-sur-Lot;200023307;Nouvelle-Aquitaine;Lot-et-Garonne;44.4251092866, 0.742526167632;43888760;43.8887608596;107.256;75;47323;Industriel territorial;47;2015-11-01;PITPE-0001;CA du Grand Villeneuvois;Teréga;Transport;Biovilleneuvois
2021;8904.511692;Préchacq-Navarrenx;200067288;Nouvelle-Aquitaine;Pyrénées-Atlantiques;43.2799895089, -0.705497036287;8904511;8.904511692;8.938;75;64459;Agricole territorial;64;2018-10-22;PITPE-0002;CC du Béarn des Gaves;Teréga;Transport;Methalayou
2018;44651.9720628;Villeneuve-sur-Lot;200023307;Nouvelle-Aquitaine;Lot-et-Garonne;44.4251092866, 0.742526167632;44651972;44.6519720628;107.256;75;47323;Industriel territorial;47;2015-11-01;PITPE-0001;CA du Grand Villeneuvois;Teréga;Transport;Biovilleneuvois
2017;2327.578;Essarts en Bocage;200071918;Pays de la Loire;Vendée;46.7806739038, -1.22925967851;2327578;2.327578;62.566;52;85084;Industriel territorial;85;2017-12-08;IR0101;CC du Pays de Saint-Fulgent - Les Essarts;GRTgaz;Transport;Bioloie
2018;16417.616;Noyen-sur-Seine;200040251;Île-de-France;Seine-et-Marne;48.4518691045, 3.34226623535;16417616;16.417616;22.345;11;77341;Agricole autonome;77;2017-11-15;IR0102;CC Bassée-Montois;GRTgaz;Transport;La Bassée Biogaz
2018;2131.87;Combrand;200040244;Nouvelle-Aquitaine;Deux-Sèvres;46.8639718192, -0.695632067582;2131870;2.13187;28.6016;75;79096;Agricole autonome;79;2018-10-18;IR0106;CA du Bocage Bressuirais;GRTgaz;Transport;Gazteam Energie
2019;13842.82;Fère-Champenoise;245100979;Grand Est;Marne;48.7706781866, 4.01743444039;13842820;13.84282;26.814;44;51248;Industriel territorial;51;2018-10-04;IR0105;CC du Sud Marnais;GRTgaz;Transport;LA MONTE BLANCHE
2019;20581.125;Ormes;200071777;Grand Est;Aube;48.555534468, 4.1130717526;20581125;20.581125;46.4776;44;10272;Agricole territorial;10;2019-05-07;IR0108;CC d'Arcis, Mailly, Ramerupt;GRTgaz;Transport;Biogaz d'Arcis
2020;20881.384869000005;Chagny;200006682;Bourgogne-Franche-Comté;Saône-et-Loire;46.8985800984, 4.77433585145;20881384;20.881384869000005;28.0;27;71073;Déchets ménagers et biodéchets;71;2015-12-01;IR0051;CA Beaune, Côte et Sud - Communauté Beaune-Chagny-Nolay;GRTgaz;Transport;ECOCEA
2020;21832.246;Noyen-sur-Seine;200040251;Île-de-France;Seine-et-Marne;48.4518691045, 3.34226623535;21832246;21.832246;22.345;11;77341;Agricole autonome;77;2017-11-15;IR0102;CC Bassée-Montois;GRTgaz;Transport;La Bassée Biogaz
2021;29272.663;Combrand;200040244;Nouvelle-Aquitaine;Deux-Sèvres;46.8639718192, -0.695632067582;29272663;29.272663;28.6016;75;79096;Agricole autonome;79;2018-10-18;IR0106;CA du Bocage Bressuirais;GRTgaz;Transport;Gazteam Energie
2021;29133.73107399997;Messei;200035814;Normandie;Orne;48.7140643026, -0.539204262797;29133731;29.13373107399997;53.628;28;61278;Agricole autonome;61;2019-11-01;IR0111;CA Flers Agglo;GRTgaz;Transport;Méthan'Agri
2021;30962.233834;Saron-sur-Aube;200066835;Grand Est;Marne;48.5824010998, 3.72970498559;30962233;30.962233834;37.5396;44;51524;Agricole autonome;51;2020-12-01;IR0124;CC de Sézanne-Sud Ouest Marnais;GRTgaz;Transport;Artaim saron Energie
2021;14296.314485999997;Bar-sur-Seine;200069003;Grand Est;Aube;48.1127221863, 4.37880982139;14296314;14.296314485999998;17.876;44;10034;Agricole autonome;10;2021-03-10;IR0132;CC du Barséquanais en Champagne;GRTgaz;Transport;MD BIOGAZ (ARTAIM)
2021;6868.071068999996;Chailly-en-Brie;200090504;Île-de-France;Seine-et-Marne;48.7924119914, 3.13372765274;6868071;6.868071068999996;16.0884;11;77070;Agricole autonome;77;2021-07-28;IR0144;CA Coulommiers Pays de Brie;GRTgaz;Transport;SAS CPL BIOGAZ
2021;807.1123829999999;Connantre;245100979;Grand Est;Marne;48.7383348646, 3.91196281487;807112;0.8071123829999999;16.9822;44;51165;Agricole territorial;51;2021-12-08;IR0150;CC du Sud Marnais;GRTgaz;Transport;Artaim METHACO Connantre
2019;6699.7832634;Préchacq-Navarrenx;200067288;Nouvelle-Aquitaine;Pyrénées-Atlantiques;43.2799895089, -0.705497036287;6699783;6.6997832634;8.938;75;64459;Agricole territorial;64;2018-10-22;PITPE-0002;CC du Béarn des Gaves;Teréga;Transport;Methalayou
2017;21391.427;Chagny;200006682;Bourgogne-Franche-Comté;Saône-et-Loire;46.8985800984, 4.77433585145;21391427;21.391427;28.0;27;71073;Déchets ménagers et biodéchets;71;2015-12-01;IR0051;CA Beaune, Côte et Sud - Communauté Beaune-Chagny-Nolay;GRTgaz;Transport;ECOCEA
2018;7854.156;Châteaulin;200067247;Bretagne;Finistère;48.2032973995, -4.07350636234;7854156;7.854156;21.0043;53;29026;Industriel territorial;29;2018-04-26;IR0104;CC Pleyben-Châteaulin-Porzay;GRTgaz;Transport;Centrale Biogaz de Kastellin
2018;2660.222;Fère-Champenoise;245100979;Grand Est;Marne;48.7706781866, 4.01743444039;2660222;2.660222;26.814;44;51248;Industriel territorial;51;2018-10-04;IR0105;CC du Sud Marnais;GRTgaz;Transport;LA MONTE BLANCHE
2019;21200.562;Chagny;200006682;Bourgogne-Franche-Comté;Saône-et-Loire;46.8985800984, 4.77433585145;21200562;21.200562;28.0;27;71073;Déchets ménagers et biodéchets;71;2015-12-01;IR0051;CA Beaune, Côte et Sud - Communauté Beaune-Chagny-Nolay;GRTgaz;Transport;ECOCEA
2019;44645.087;Essarts en Bocage;200071918;Pays de la Loire;Vendée;46.7806739038, -1.22925967851;44645087;44.645087;62.566;52;85084;Industriel territorial;85;2017-12-08;IR0101;CC du Pays de Saint-Fulgent - Les Essarts;GRTgaz;Transport;Bioloie
2019;16783.388;Châteaulin;200067247;Bretagne;Finistère;48.2032973995, -4.07350636234;16783388;16.783388;21.0043;53;29026;Industriel territorial;29;2018-04-26;IR0104;CC Pleyben-Châteaulin-Porzay;GRTgaz;Transport;Centrale Biogaz de Kastellin
2019;4963.29;Loudéac;200067460;Bretagne;Côtes-d'Armor;48.1740293909, -2.75097544378;4963290;4.96329;62.566;53;22136;Industriel territorial;22;2019-09-09;IR0109;CC Loudéac Communauté - Bretagne Centre;GRTgaz;Transport;Biodéac
2019;2437.392;Haraucourt-sur-Seille;245701206;Grand Est;Moselle;48.8084972349, 6.60564803108;2437392;2.437392;40.221;44;57295;Agricole autonome;57;2019-11-07;IR0110;CC du Saulnois;GRTgaz;Transport;Méthanisation Seille Environnement
2020;44040.20870199997;Essarts en Bocage;200071918;Pays de la Loire;Vendée;46.7806739038, -1.22925967851;44040208;44.04020870199997;62.566;52;85084;Industriel territorial;85;2017-12-08;IR0101;CC du Pays de Saint-Fulgent - Les Essarts;GRTgaz;Transport;Bioloie
2020;3767.74602;Azerailles;200070324;Grand Est;Meurthe-et-Moselle;48.4972745986, 6.6948706717;3767746;3.76774602;25.0264;44;54038;Agricole autonome;54;2020-11-04;IR0115;CC du Territoire de Lunéville à Baccarat;GRTgaz;Transport;Meurthenergie
2021;20973.91167400001;Étréville;200066405;Normandie;Eure;49.3795673555, 0.65533275771;20973911;20.97391167400001;31.283;28;27227;Agricole territorial;27;2018-01-31;IR0103;CC Roumois Seine;GRTgaz;Transport;VITALIGAZ
2021;19398.929555999996;Fère-Champenoise;245100979;Grand Est;Marne;48.7706781866, 4.01743444039;19398929;19.398929555999995;26.814;44;51248;Industriel territorial;51;2018-10-04;IR0105;CC du Sud Marnais;GRTgaz;Transport;LA MONTE BLANCHE
2021;34242.79033099999;Loudéac;200067460;Bretagne;Côtes-d'Armor;48.1740293909, -2.75097544378;34242790;34.242790330999995;62.566;53;22136;Industriel territorial;22;2019-09-09;IR0109;CC Loudéac Communauté - Bretagne Centre;GRTgaz;Transport;Biodéac
2021;22286.782702999983;Wissembourg;246700926;Grand Est;Bas-Rhin;49.0184562539, 7.96174575912;22286782;22.286782702999982;20.5574;44;67544;Agricole territorial;67;2020-10-19;IR0113;CC du Pays de Wissembourg;GRTgaz;Transport;SAS Biometha (Mittenbuhler SARL)
2021;14968.427996000013;Herpy-l'Arlésienne;200043156;Grand Est;Ardennes;49.5259538637, 4.18823352667;14968427;14.968427996000012;16.0884;44;08225;Agricole territorial;08;2020-10-05;IR0119;CC du Pays Rethélois;GRTgaz;Transport;Sud Ardennes Biométhane
2021;18762.752902000015;Saint-Fergeux;200043156;Grand Est;Ardennes;49.5733658942, 4.20117468938;18762752;18.762752902000013;22.345;44;08380;Agricole autonome;08;2021-03-11;IR0133;CC du Pays Rethélois;GRTgaz;Transport;Gaz de Constantine
2021;12158.143892000006;Fère-Champenoise;245100979;Grand Est;Marne;48.7706781866, 4.01743444039;12158143;12.158143892000005;16.5353;44;51248;Agricole autonome;51;2021-04-30;IR0134;CC du Sud Marnais;GRTgaz;Transport;Lheur'Biogaz
2021;12431.97540399999;Ognes;245100979;Grand Est;Marne;48.6955801098, 3.90728218249;12431975;12.43197540399999;27.88656;44;51412;Agricole autonome;51;2021-06-29;IR0143;CC du Sud Marnais;GRTgaz;Transport;De Briffontaines
2021;7781.677933999997;Quiers;247700701;Île-de-France;Seine-et-Marne;48.6142332217, 2.96159846336;7781677;7.781677933999997;16.5353;11;77381;Agricole autonome;77;2021-07-29;IR0146;CC Brie Nangissienne;GRTgaz;Transport;R&D Bio Energy SAS
2021;910.898818;Cerneux;200037133;Île-de-France;Seine-et-Marne;48.7047767033, 3.34596512996;910898;0.9108988179999999;17.876;11;77066;Industriel territorial;77;2021-12-08;IR0153;CC du Provinois;GRTgaz;Transport;SAS Brie Compost
2020;7112.319;Wahlenheim;200067874;Grand Est;Bas-Rhin;48.765310444, 7.687221619;;7.112319;8.937999999999999;44;67510;Agricole autonome;67;2019-07-08;;CA de Haguenau;R-GDS;Distribution;METHA 3
2019;5460.55;Saint-Laurent-Médoc;200069995;Nouvelle-Aquitaine;Gironde;45.140433428, -0.862378225;;5.4605500000000005;26.814;75;33424;Agricole autonome;33;2019-07-24;;CC Médoc Cœur de Presqu'île;Régaz;Distribution;MEDOC BIOGAZ 1
2021;10375.32;Saint-Jean-d'Illac;243301165;Nouvelle-Aquitaine;Gironde;44.793554609, -0.819247806;;10.37532;22.345;75;33422;Agricole autonome;33;2021-06-02;;CC Jalle-Eau-Bourde;Régaz;Distribution;Berganton Biogaz
2021;26743.24;Saint-Laurent-Médoc;200069995;Nouvelle-Aquitaine;Gironde;45.140433428, -0.862378225;;26.743240000000004;26.814;75;33424;Agricole autonome;33;2019-07-24;;CC Médoc Cœur de Presqu'île;Régaz;Distribution;MEDOC BIOGAZ 1
2020;9689.62;Hourtin;200070720;Nouvelle-Aquitaine;Gironde;45.180862572, -1.065066695;;9.68962;33.33874;75;33203;Agricole territorial;33;2020-02-25;;CC Médoc Atlantique;Régaz;Distribution;MEDOC ENERGIES 2
2021;17026.637;Strasbourg;246700488;Grand Est;Bas-Rhin;48.571265, 7.767760376;;17.026636999999994;16.624679999999998;44;67482;Station d'épuration;67;2015-09-01;;Eurométropole de Strasbourg;R-GDS;Distribution;Biovalsan
2019;5266.880999999999;Pleudihen-sur-Rance;200068989;Bretagne;Côtes-d'Armor;48.509515077, -1.94126291;;5.2668810000000015;5.3628;53;22197;Agricole autonome;22;2019-01-16;;CA Dinan Agglomération;Pleudihen Distribution gaz;Distribution;Gaec du Tertre Goutte
2018;17882.152;Willgottheim;200034635;Grand Est;Bas-Rhin;48.673674108, 7.515639704;;17.882151999999994;17.875999999999998;44;67532;Agricole territorial;67;2016-05-01;;CC du Kochersberg;R-GDS;Distribution;SAS Méthachrist
2020;8256.187;Marlenheim;200068864;Grand Est;Bas-Rhin;48.619066048, 7.505686274;;8.256186999999999;25.0264;44;67282;Agricole autonome;67;2020-07-25;;CC de la Mossig et du Vignoble;R-GDS;Distribution;METHA'CO
2018;15159.826000000001;Strasbourg;246700488;Grand Est;Bas-Rhin;48.571265, 7.767760376;;15.159826;16.624679999999998;44;67482;Station d'épuration;67;2015-09-01;;Eurométropole de Strasbourg;R-GDS;Distribution;Biovalsan
2019;2598.911;Wahlenheim;200067874;Grand Est;Bas-Rhin;48.765310444, 7.687221619;;2.598911;8.937999999999999;44;67510;Agricole autonome;67;2019-07-08;;CA de Haguenau;R-GDS;Distribution;METHA 3
2020;7005.75;Saint-Laurent-Médoc;200069995;Nouvelle-Aquitaine;Gironde;45.140433428, -0.862378225;;7.00575;26.814;75;33424;Agricole autonome;33;2019-07-24;;CC Médoc Cœur de Presqu'île;Régaz;Distribution;MEDOC BIOGAZ 1
2021;33358.64;Hourtin;200070720;Nouvelle-Aquitaine;Gironde;45.180862572, -1.065066695;;33.35864;33.33874;75;33203;Agricole territorial;33;2020-02-25;;CC Médoc Atlantique;Régaz;Distribution;MEDOC ENERGIES 2
2017;13188.816;Willgottheim;200034635;Grand Est;Bas-Rhin;48.673674108, 7.515639704;;13.188816;17.875999999999998;44;67532;Agricole territorial;67;2016-05-01;;CC du Kochersberg;R-GDS;Distribution;SAS Méthachrist
2021;19007.195;Willgottheim;200034635;Grand Est;Bas-Rhin;48.673674108, 7.515639704;;19.007195;17.875999999999998;44;67532;Agricole territorial;67;2016-05-01;;CC du Kochersberg;R-GDS;Distribution;SAS Méthachrist
2021;14003.001;Oberschaeffolsheim;246700488;Grand Est;Bas-Rhin;48.591660957, 7.646681513;;14.003001000000001;25.0264;44;67350;Agricole territorial;67;2020-05-04;;Eurométropole de Strasbourg;R-GDS;Distribution;Méthamusau
2021;6707.73;Saint-Laurent-Médoc;200069995;Nouvelle-Aquitaine;Gironde;45.140433428, -0.862378225;;6.707730000000001;26.814;75;33424;Agricole autonome;33;2021-08-19;;CC Médoc Cœur de Presqu'île;Régaz;Distribution;Médoc Biogaz 2
2020;6800.694;Pleudihen-sur-Rance;200068989;Bretagne;Côtes-d'Armor;48.509515077, -1.94126291;;6.800693999999999;5.3628;53;22197;Agricole autonome;22;2019-01-16;;CA Dinan Agglomération;Pleudihen Distribution gaz;Distribution;Gaec du Tertre Goutte
2021;23093.03;Marlenheim;200068864;Grand Est;Bas-Rhin;48.619066048, 7.505686274;;23.09303;25.0264;44;67282;Agricole autonome;67;2020-07-25;;CC de la Mossig et du Vignoble;R-GDS;Distribution;METHA'CO
2020;16632.139;Strasbourg;246700488;Grand Est;Bas-Rhin;48.571265, 7.767760376;;16.632139000000002;16.624679999999998;44;67482;Station d'épuration;67;2015-09-01;;Eurométropole de Strasbourg;R-GDS;Distribution;Biovalsan
2021;7034.4619999999995;Wahlenheim;200067874;Grand Est;Bas-Rhin;48.765310444, 7.687221619;;7.0344619999999995;8.937999999999999;44;67510;Agricole autonome;67;2019-07-08;;CA de Haguenau;R-GDS;Distribution;METHA 3
2020;3628.675;Oberschaeffolsheim;246700488;Grand Est;Bas-Rhin;48.591660957, 7.646681513;;3.628675;25.0264;44;67350;Agricole territorial;67;2020-05-04;;Eurométropole de Strasbourg;R-GDS;Distribution;Méthamusau
2017;13224.038999999999;Strasbourg;246700488;Grand Est;Bas-Rhin;48.571265, 7.767760376;;13.224039;16.624679999999998;44;67482;Station d'épuration;67;2015-09-01;;Eurométropole de Strasbourg;R-GDS;Distribution;Biovalsan
2019;19007.546000000002;Willgottheim;200034635;Grand Est;Bas-Rhin;48.673674108, 7.515639704;;19.007546;17.875999999999998;44;67532;Agricole territorial;67;2016-05-01;;CC du Kochersberg;R-GDS;Distribution;SAS Méthachrist
2021;510.892;Airvault;200041416;Nouvelle-Aquitaine;Deux-Sèvres;46.828329637, -0.153347126;;0.510892;15.1946;75;79005;Agricole autonome;79;2021-11-18;;CC Airvaudais-Val du Thouet;Séolis;Distribution;METHARCENCIEL
2019;17740.251;Strasbourg;246700488;Grand Est;Bas-Rhin;48.571265, 7.767760376;;17.740251;16.624679999999998;44;67482;Station d'épuration;67;2015-09-01;;Eurométropole de Strasbourg;R-GDS;Distribution;Biovalsan
2021;7304.23;Pleudihen-sur-Rance;200068989;Bretagne;Côtes-d'Armor;48.509515077, -1.94126291;;7.3042300000000004;7.95482;53;22197;Agricole autonome;22;2019-01-16;;CA Dinan Agglomération;Pleudihen Distribution gaz;Distribution;Gaec du Tertre Goutte
2020;19037.164;Willgottheim;200034635;Grand Est;Bas-Rhin;48.673674108, 7.515639704;;19.037164;17.875999999999998;44;67532;Agricole territorial;67;2016-05-01;;CC du Kochersberg;R-GDS;Distribution;SAS Méthachrist
